review_id,restaurant_name,review_text
1,La Piazza,I loved this restaurant! The food was amazing and the service was top-notch. Highly recommend!
2,The Red Lantern,"The atmosphere at this restaurant is wonderful, and the food is even better. I can't wait to go back!"
3,Pasta Paradise,"I had high hopes for this restaurant, but unfortunately the food was just mediocre. The service was good though."
4,The Steakhouse,The steaks here are absolutely incredible. Definitely a must-visit for any meat lover!
5,Sushi Sake,I was blown away by the sushi at this place. The flavors were so unique and the presentation was stunning.
6,The Garden Cafe,I had a wonderful brunch here with my friends. The pancakes were delicious and the coffee was great too.
7,Thai Palace,This restaurant is a gem. The curries are delicious and the staff is so friendly and welcoming.
8,The Burger Joint,"If you're looking for a great burger, look no further. This place has some of the best burgers I've ever had."
9,The Pasta House,The pasta here is amazing. I particularly loved the spaghetti carbonara. Highly recommend!
10,The Seafood Shack,The seafood here is so fresh and delicious. I especially loved the lobster bisque.
11,La Piazza,I went back to this restaurant and it was just as good as the first time. The pizza is incredible!
12,The Red Lantern,I can't get enough of the food at this restaurant. It's my new favorite spot in town.
13,Pasta Paradise,I gave this place another chance and I'm glad I did. The lasagna was fantastic this time around.
14,The Steakhouse,The filet mignon here is to die for. It's cooked perfectly and melts in your mouth.
15,Sushi Sake,I tried some new rolls at this restaurant and they were all amazing. Can't wait to come back!
16,The Garden Cafe,The salads here are so fresh and delicious. I felt healthy and satisfied after my meal.
17,Thai Palace,I always leave this restaurant feeling happy and satisfied. The food is consistently good.
18,The Burger Joint,I tried the veggie burger here and it was delicious. Even meat-eaters would enjoy it!
19,The Pasta House,The linguine with clams here is amazing. It's a great comfort food dish.
20,The Seafood Shack,This place never disappoints. The crab cakes are the best I've ever had.
21,La Piazza,I brought my family to this restaurant and we all loved it. The service was excellent and the food was delicious.
22,The Red Lantern,I can't believe how good the food is at this restaurant. Every dish is better than the last.
23,Pasta Paradise,The gnocchi here is so soft and pillowy. I'll definitely be back for more.
24,The Steakhouse,The ribeye here is incredible. It's so juicy and flavorful.
25,Sushi Sake,The sashimi platter here is a work of art. Every piece is so beautifully presented and tastes amazing.
26,The Garden Cafe,The quiche here is so good. I love the flaky crust and the creamy filling.
27,Thai Palace,"This restaurant is always busy, and for good reason. The food is some of the best Thai food I've ever had."
28,The Burger Joint,I came here for a quick lunch and was blown away by the burger. It was so juicy and flavorful.
